index,NA,_de,de,en,es,fr,ja,ru,zh
2015-07-01,124.2844934566787,11.0,748.2690784834843,3699.9866722199085,1124.8204187735917,518.2755756995665,623.0807030481809,691.8525683789193,300.51192773197687
2015-07-02,128.30107739169677,192.0,738.5149970168683,3688.5496668054975,1076.7505163449896,521.2326445583019,709.4625614552606,702.8748498999333,300.816903467228
2015-07-03,123.39347360108303,192.0,709.9309811791506,3509.7635776759685,993.8221992735561,503.0305162997579,644.6959931170109,655.7856904603069,298.9177922001988
2015-07-04,111.33012748194946,80.0,653.9111569127299,3647.5363806747187,934.8063172138736,534.6423906311582,799.6315634218289,620.4696130753836,301.8429515289715
2015-07-05,119.04729805956678,72.0,755.4028312632207,3761.0886922115783,1013.4002920019942,525.6231912617533,768.6947640117994,656.5720813875918,317.2610945448167
2015-07-06,130.5552515794224,29.0,828.6276780387265,4035.6268846314038,1149.7573178548537,545.6860537131918,674.9610373647985,702.3696797865243,319.0140910951295
2015-07-07,135.8403655234657,44.0,804.4558225307806,3829.172886297376,1122.1617762267645,528.9900061933449,657.6489921337267,687.4331887925283,317.96874817283515
2015-07-08,139.9537454873646,101.0,815.6141725877312,3621.479071220325,1090.163058186739,519.93888294578,653.9031710914454,684.4531020680454,324.65865637607436
2015-07-09,127.21559115523466,72.0,786.0915279058415,3702.149937526031,1069.7049355459012,514.9398964022296,637.9499016715831,699.7673115410273,322.7751856399462
2015-07-10,128.10576489169677,78.0,734.5555947279926,3681.2766763848394,975.8654298126914,488.39077191599574,660.900860373648,792.5306537691795,333.3904870490557
2015-07-11,106.28218073104694,57.0,681.7970928025167,3700.0445647646816,881.2952068940958,484.3140870446484,681.3263765978368,734.4952968645764,314.7247558907794
2015-07-12,108.62968185920577,83.0,803.5075391875034,4052.993002915452,998.5213303895733,547.0886774393334,730.1525073746312,805.8845230153436,347.0208735309595
2015-07-13,120.42503384476534,192.0,874.1260237565765,4016.116264056643,1128.683249056335,534.7727042396261,654.2764257620453,828.49736490994,323.1112085599018
2015-07-14,130.50479467509027,192.0,833.323452839399,4038.056101624323,1183.2242361655153,570.3688981476269,615.4004916420846,804.9215143428953,307.882856808747
2015-07-15,135.77778091155236,192.0,779.6904051635298,3745.5562890462306,1119.9415283811695,529.4932717752379,616.1092182890856,772.4610740493663,302.7759165058762
2015-07-16,132.08249661552347,11.0,772.4915658729728,3788.1031445231156,1068.3813830923723,518.4383199144193,698.9357915437562,786.717278185457,301.69201309711747
2015-07-17,140.78429602888087,192.0,794.2347724684059,3637.6590379008744,965.1861690762767,500.60796126344235,829.1110619469026,777.3010006671115,302.999415307256
2015-07-18,130.64866313176896,11.0,929.449286760319,3516.470658059142,844.3555302328894,506.4337875119644,703.3276057030482,702.4331554369579,313.6520785827048
2015-07-19,123.435130866426,11.0,879.0284482291045,3723.4036234902123,900.8412150131757,545.3518101458251,690.3407079646017,771.8793195463643,345.88823598199144
2015-07-20,123.50702278880867,192.0,807.6862287790856,3903.3245939192,1051.8587351328254,532.7873993581443,690.4581612586037,790.2748498999333,328.9054844179384
2015-07-21,143.1386789259928,24.0,755.2394098823019,3725.8974385672636,1041.649455167011,520.0151173920387,608.1057522123893,770.6361574382922,324.300532070397
2015-07-22,150.97055505415162,210.0,769.8967022834518,3670.15403998334,1070.7071077558578,522.8971341703733,609.9633235004917,753.5262174783189,327.5951002748056
2015-07-23,137.58100180505414,192.0,748.6631501871237,3616.9031028738027,1007.5188732996226,494.83705872417096,581.421878072763,683.3811874583056,297.4610009939777
2015-07-24,132.23149819494586,107.0,711.6927374301677,3521.684568929613,899.0056619898868,465.50182985192276,532.2252949852507,612.6376584389593,265.93580073671285
2015-07-25,123.83365297833934,192.0,707.5141020773444,3528.428071636818,808.492201410156,466.63794268340746,519.8001474926253,563.8032354903269,257.7719698298544
2015-07-26,119.89054038808665,708.0,738.0572761295222,3768.1892544773013,888.4672388006552,502.9317042959293,553.964331366765,623.0963975983989,273.8984681050108
2015-07-27,141.10486236462094,73.0,788.0232141888594,3825.8721157850896,1017.9450181610996,488.68709532120937,536.6098820058997,668.72104736491,273.69400105244694
2015-07-28,135.68242328519855,707.0,782.0032814449205,3771.326218242399,1010.4882130902357,463.8449974663589,525.3036381514257,646.1866244162775,270.8166695901304
2015-07-29,142.14206340252707,625.0,779.9419916472311,4373.224052478134,1021.4329819813404,469.90115984460334,568.7228121927237,634.9202801867912,273.2579956732737
2015-07-30,137.35663921480145,2709.0,746.6918696100233,3463.246501457726,972.7364147852717,468.9172343899555,516.8132251720747,620.5509673115411,264.7433491200374
2015-07-31,203.75149481046932,849.0,701.4004176384444,3354.614827155352,882.276297984474,442.95422555036316,486.24272369714845,610.3498665777184,252.44185230661287
2015-08-01,135.08574007220216,513.0,687.4599717958453,3364.6010828821322,774.6405526671889,430.361691346208,472.95850540806293,552.8587058038693,234.03116412325323
2015-08-02,212.99032603790613,48.0,710.1361392851331,3642.6989587671806,846.9791325404174,438.3493328078374,523.3769911504424,610.258338892595,252.13480091212068
2015-08-03,134.75513312274367,385.0,737.2241687910181,3447.7521032902955,871.4012534719749,446.3049659366027,562.2831120943953,759.1013675783856,273.8432438753435
2015-08-04,151.29444945848377,193.0,779.0122308401584,3702.1683881715953,1049.6024855779503,527.8992455379764,644.2688298918388,795.5217144763176,312.8006490089458
2015-08-05,153.78928813176896,1128.0,747.3077507186636,3707.1835901707623,1061.8149348337013,511.01252744777884,634.7885447394297,763.2063375583723,322.3991112670292
2015-08-06,170.97063966606498,191.0,752.3986006400173,3713.217284464806,1062.7641549747168,519.7156691627723,663.9835299901672,767.097198132088,316.7109863766591
2015-08-07,169.0605539259928,893.0,767.022020936161,3779.0467305289462,948.2485221850295,525.2040988683069,644.9057767944936,766.5880587058039,311.50374203356137
2015-08-08,199.83249661552347,1758.0,696.206568313717,3612.324843815077,874.9197706716046,529.845757558696,660.999139626352,706.9896931287525,311.4080278313746
2015-08-09,156.98623646209387,292.0,773.2899875250854,3759.2481257809245,953.7561427248771,546.4522267890321,700.0482300884955,736.5019679786525,321.3731801438344
2015-08-10,176.1605370036101,91.0,740.3080490318381,3692.6338192419826,1016.9043871519123,505.6879398682507,693.5942723697149,731.7740160106738,304.148424253055
2015-08-11,185.18431295126354,72.0,765.4951998698269,3685.987026239067,1174.9986112100278,520.9511570294466,662.7556293018682,762.4341561040694,300.8530959480793
2015-08-12,150.66865974729242,158.0,770.2959266691978,3698.9025822573926,1180.7149063457018,518.4690614267215,707.0547935103244,782.1504002668446,308.39978366368473
2015-08-13,166.4304490072202,192.0,784.7717361826761,3650.6491253644317,1140.5872801082544,541.942204830809,702.0068584070797,797.5776184122749,316.9033502894229
2015-08-14,161.60362138989169,468.0,748.8830612355589,3614.8362140774675,979.1874154262517,543.8521479646416,734.3880285152409,804.4133088725818,307.376366719289
2015-08-15,209.46026060469313,231.0,708.9707924282692,3614.016159933361,852.3085962538281,546.9986487247339,783.3121927236972,747.7832888592395,318.3050634391627
2015-08-16,182.00157942238266,456.0,843.9552530238108,3844.948313202832,924.3665337226694,552.0028714599404,781.4611356932153,776.2797865243496,335.8562532888967
2015-08-17,162.7097811371841,203.0,829.3872376200032,3892.770179092045,1132.1469624670608,550.1057372895671,715.3532694198624,816.560440293529,329.20168976203007
2015-08-18,165.08559905234657,182.0,814.1784455171666,3763.2024781341106,1233.48700235026,534.7337424694556,677.4421091445428,832.1569046030687,327.0029819329942
2015-08-19,168.21781926895306,389.0,776.78697727396,3620.2496876301543,1241.8032903639341,508.81166600979674,642.4043510324484,744.9068378919279,308.8669531661112
2015-08-20,158.1589011732852,126.0,780.9070347670445,3626.6225947521866,1178.8977636920447,481.0698721918811,582.8025319567355,647.2008005336892,270.90250248494414
2015-08-21,141.88168434115522,35.0,736.5599067093345,3558.571720116618,1079.1249910975002,513.2509712290974,603.3571779744346,710.2273849232822,300.2583464889201
2015-08-22,114.4330719765343,185.0,648.6974562022021,3515.7347771761765,923.1822519763549,508.088424075221,791.847640117994,718.7283522348232,338.88864526691225
2015-08-23,115.736744133574,212.0,778.8027878722135,3878.3251145356103,1071.0109322697813,580.0584426552559,941.2070304818093,791.5877918612408,365.8056773665439
2015-08-24,132.66519065884478,13.0,823.7051581059825,3858.5950020824657,1314.2335659853286,579.9127019875007,750.1611602753196,891.4304202801868,335.9852072735777
2015-08-25,130.8673567238267,13.0,855.9312523729457,3670.588713036235,1520.008047859839,572.0670007319408,760.8142576204523,965.7914276184123,325.49672572063383
2015-08-26,125.11580550541517,13.0,783.724223029777,3507.4774677217824,1536.1429385371412,569.3131298913349,678.5520157325467,801.6737491661107,337.136321113255
2015-08-27,130.24906926895306,490.0,798.6601941747573,3504.818638067472,1491.1121358877572,562.5678452789821,733.5855457227138,821.8634756504337,340.85853359059814
2015-08-28,124.09301669675091,62.0,783.3348972175517,3405.6559142024157,1273.2706716045866,516.9677383030235,745.2542281219272,803.6535023348899,331.18578611939427
2015-08-29,116.65954986462094,578.0,685.0395400553235,3500.0393169512704,989.1289081974219,516.9684420922246,738.3324483775812,764.797898599066,337.6816055662749
2015-08-30,125.65303474729242,294.0,800.1177252264469,3675.406726364015,1189.421800441564,566.5148077247902,777.6484267453294,820.4157438292194,355.0678535929369
2015-08-31,125.86938740974729,208.0,804.2033953463144,3970.0211162015826,1468.0006765899864,561.0146951185181,718.8564896755162,769.8303202134756,326.7674092264515
2015-09-01,130.32553023465704,487.0,829.4781417801161,3571.966805497709,1545.6361726372766,549.9012161477394,693.8010324483776,743.057538358906,308.08937028591475
2015-09-02,151.8359657039711,764.0,830.290340077019,3585.553977509371,1544.08599814828,575.6232757164574,659.2686332350049,825.347198132088,306.52280301701455
2015-09-03,143.698866200361,492.0,862.2855941856051,3523.978654727197,1499.113097357738,563.2071392376555,680.1124631268436,847.4400600400267,314.80170145588494
2015-09-04,137.85108303249098,1280.0,796.0696425665781,3468.080341524365,1250.4282458514351,556.6785090929565,657.5396755162242,847.3906270847232,298.78918903116414
2015-09-05,144.08791177797835,617.0,764.5026305798124,3560.110578925448,1031.9677729506445,597.7629356455154,710.8623647984267,825.7814209472982,321.06536864877506
2015-09-06,135.0234657039711,659.0,853.2462168465586,3754.202165764265,1197.3375827932484,618.2239738753449,763.3821042281219,905.0446964643096,336.1913114658247
2015-09-07,147.5,668.0,868.2599663719694,3976.1293835901706,1507.2611637347768,595.8273182816283,666.1486725663717,860.4548699132755,304.03908670993394
2015-09-08,146.86710288808663,247.0,835.2944079839453,3819.2261974177427,1562.1217861975642,579.9890208884635,652.1549901671583,894.1438292194797,292.6153306437467
2015-09-09,141.72895983754512,405.0,810.536529804198,3719.555435235319,1541.7734847945303,595.7910027588537,652.6554818092428,913.6649766511007,285.90530901011516
2015-09-10,143.034803700361,248.0,801.1004501816999,3626.702228238234,1455.6608147567838,566.4358707279996,617.6669370698132,852.6673115410274,274.27562415950416
2015-09-11,132.0722585740072,514.0,837.1204914031567,3751.428217409413,1242.490598960188,548.8641968357638,625.9424287118977,828.6006337558372,283.936853183652
2015-09-12,119.45086868231047,134.0,731.1042740142105,3680.402124114952,1003.1211808275764,594.8806091999325,656.2051868239921,795.495263509006,312.80950710401686
2015-09-13,119.14259927797833,161.0,853.0174106416446,4075.142419825073,1145.7804287443914,684.4601655312201,714.592453294002,903.6040693795863,318.87858855171606
2015-09-14,128.65689869133573,578.0,879.9677279383848,3893.1887130362347,1414.1746314365073,611.9837846968076,652.9049410029498,879.6673782521681,281.2464187569432
2015-09-15,133.2728734205776,109.0,830.1549601345121,3748.4612036651397,1358.1591766968165,591.2677777152187,598.7270648967551,876.1023015343562,275.439659708823
2015-09-16,140.7716606498195,65.0,818.7944893420838,3641.6389004581424,1314.1190086176198,619.0021395191712,599.712930186824,943.2687791861241,281.19978951061216
2015-09-17,137.6549244133574,360.0,823.0766936052503,3777.026009995835,1489.3109465137811,605.8707279995496,639.1138643067846,930.8510340226818,274.8289189031164
2015-09-18,140.40193479241879,103.0,803.2093344904268,3601.178217409413,1239.4235097215299,578.9898091323687,652.4012291052114,904.723949299533,280.21522539905277
2015-09-19,130.40881656137185,245.0,782.4088246460921,3538.0314868804667,1007.604052417919,558.8683632678341,684.6999262536873,896.0979986657771,307.825615389113
2015-09-20,122.50093073104694,148.0,894.9138417313012,3938.7624739691796,1200.117691047646,606.5956308766398,681.4026548672566,1022.2234823215477,334.33038063497634
2015-09-21,135.21277075812273,135.0,871.783939903455,4092.2829654310704,1484.9355102912898,602.3579190360903,809.7503933136677,1002.2721147431621,299.2731976846167
2015-09-22,132.64677346570397,13.0,857.321852796008,3830.377238650562,1538.335054483299,583.9931873205337,760.5459193706981,969.951934623082,288.84160673566043
2015-09-23,132.26610446750902,102.0,866.7477084124315,3923.2071220324865,1539.9080905918381,589.3659985361185,965.3234021632252,989.8811541027352,288.996316435713
2015-09-24,140.93828971119135,383.0,856.7082768346261,3642.1653894210745,1420.6102841677944,578.6405044760993,686.6916912487709,960.6507338225483,305.49581944688066
2015-09-25,134.21215027075812,263.0,831.5696696859576,3569.536963765098,1170.7259810554804,565.149625584145,726.1092920353982,913.563942628419,275.12272700695786
2015-09-26,124.03649593862816,124.0,747.8616640451266,3534.004310703873,1020.963250480735,567.7758853668149,726.6990904621435,886.3194462975317,317.6183418113781
2015-09-27,121.63117666967509,425.0,825.3466670282584,3770.179237817576,1202.3111957837762,753.587044648387,764.1484759095379,974.9128418945965,331.32546921592706
2015-09-28,146.72501128158845,189.0,867.0156750013559,3920.131820074969,1472.7748379745033,598.3555824559428,860.481465093412,960.8713475650434,400.82318891422557
2015-09-29,140.81230257220216,284.0,834.56126267831,3654.3894418992086,1539.2258742254826,580.5790214514949,678.9729351032448,958.1955637091394,330.01476349178506
2015-09-30,147.3552572202166,278.0,816.4724467104193,3783.4745939192003,1519.4492557510148,600.6942458194922,664.1992379547689,972.1914276184123,287.9493363737356
2015-10-01,150.2135886732852,414.0,794.9577751261052,3654.0150145772595,1436.626059397479,589.1467822757728,638.9656096361848,935.1119079386258,302.0745190902181
2015-10-02,141.98073668772562,180.0,771.0322178228562,3648.482049146189,1228.6685065166298,575.519931310174,637.9282940019666,943.0397598398932,292.8022276793545
2015-10-03,127.79292644404332,87.0,835.8295275804089,3729.374010828821,1012.3874367922513,583.3618602556162,757.8400442477877,967.744029352902,328.74437233233937
2015-10-04,134.28057310469313,172.0,867.6704995389706,4093.455935027072,1160.628053557439,629.5391869827149,779.0243608652901,967.3213475650433,347.0456060340291
2015-10-05,141.68727436823104,646.0,869.5732494440527,4000.428488129946,1408.296346414073,616.274646697821,708.3915191740413,914.531220813876,303.78120797520904
2015-10-06,138.22549074909747,250.0,842.288360362315,3752.8452519783423,1499.9673812406525,579.6721749901469,681.2013274336283,913.6354236157438,299.07574694498044
2015-10-07,134.2988210740072,460.0,852.6138200357976,3825.5485630987087,1491.7949220141015,606.9651202071956,664.7677236971484,946.3321214142762,296.58846401216164
2015-10-08,135.31833822202165,137.0,832.1811303357379,3836.770595585173,1430.482301830354,600.127048026575,695.8970747295969,943.7238492328219,300.0762146991756
2015-10-09,133.0181633574007,117.0,821.539512935944,3918.0838192419824,1251.0418061391638,573.6823095546422,638.5273107177975,904.3044362908606,323.4582821727182
2015-10-10,123.9578350631769,70.0,777.8674675923415,3993.2267805081215,1057.9966170500677,602.6157592477902,704.5690019665683,873.6255170113409,333.35829971350057
2015-10-11,119.84253722924188,248.0,878.8866952324131,4182.125718450646,1204.6596396268071,649.4281008952198,766.356465093412,959.176751167445,338.9078816581886
2015-10-12,137.15986010830323,313.0,856.8726473938276,4271.9983756768015,1591.9751798304965,616.5760655368504,764.8641592920354,956.5069379586391,297.0376834473484
2015-10-13,133.4453407039711,169.0,859.4460053153983,4228.3924614743855,1650.876397692472,614.4565339789426,651.4711160275319,928.9488659106071,292.683681225516
2015-10-14,136.30700022563178,632.0,857.932174431849,4386.9700333194505,1618.7714194145717,621.4556612803333,624.7093166175025,946.4291861240828,298.99155118984976
2015-10-15,139.99365410649818,155.0,854.6391224168791,4106.3851936693045,1529.886297272274,591.5970384550419,620.7669370698131,926.19472981988,297.44559434017424
2015-10-16,135.12432310469313,184.0,798.8171340239735,3591.813244481466,1286.222740545545,575.8854231180677,669.4585791543756,887.098332221481,302.1586856107116
2015-10-17,132.46810130866427,249.0,760.5238650539676,3666.4170970428986,1096.671355316573,577.2336298631834,717.1138888888889,869.9828885923949,332.69198386248024
2015-10-18,140.5720893501805,156.0,861.6492650648153,3950.447709287797,1282.6425824371483,616.7166544676538,754.9697394296952,952.912108072048,359.22294334327313
2015-10-19,147.28189869133573,37.0,873.1600314584803,4129.517825905873,1516.8799586924008,616.0347671865322,674.8616027531957,941.6336224149433,319.6010349061568
2015-10-20,148.4075755866426,126.0,875.5736562347454,4151.953248646398,1574.8423901431522,611.5772479027082,659.7577433628319,921.4465643762509,317.10027480558966
2015-10-21,140.70154557761734,89.0,871.5325432554104,4133.29820907955,1582.9893170002138,603.4642193570182,687.6757866273354,928.8746164109406,332.00242647488744
2015-10-22,141.9264440433213,399.0,864.0821988392905,4038.538234069138,1511.1784417064312,595.6061877146557,650.2219026548672,913.518245496998,317.80129217096413
2015-10-23,135.25595103790613,276.0,826.3752237348809,3870.8559766763847,1275.6571113168577,576.6709363211531,692.4765240904621,876.3989993328886,319.9116821610244
2015-10-24,121.13732513537906,229.0,767.4867657427998,3785.722782174094,1087.401146641977,620.8864647260853,688.378343166175,864.9176784523015,347.02461556452084
2015-10-25,123.6409352436823,709.0,870.5319466290612,4145.112203248646,1245.1277330674454,633.2841900793874,713.9999262536874,944.7923949299533,373.0909489563235
2015-10-26,135.8722078068592,115.0,882.4928676031892,4202.415056226572,1498.4368634712628,656.2106581836608,657.8905850540806,943.350967311541,324.16707595158744
2015-10-27,140.11682084837545,569.0,849.8117643868309,4216.885443565181,1587.1054055978918,613.552530825967,672.0384218289086,938.6251501000667,315.76018827106356
2015-10-28,147.60807761732852,63.0,838.1008569723924,4119.207309454394,1553.3927070721459,614.876302010022,621.231243854474,915.9004002668446,315.3732970823832
2015-10-29,139.5010435469314,863.0,840.5808699896946,3931.8604956268223,1426.5019229399616,610.8732616406734,619.9663225172075,919.306404269513,322.512980178916
2015-10-30,136.75301782490973,22.0,815.183001572924,3784.5450437317786,1174.436258101275,616.8419007938742,709.2059488692232,895.463775850567,311.0460153189499
2015-10-31,121.36095442238268,48.0,787.058442262841,3693.6622657226158,989.624599387508,639.2796295253646,673.0759587020649,864.8104736490994,337.746535695492
2015-11-01,126.5564643501805,59.0,909.902370233769,3847.3789462723867,1042.956555800869,668.5402567423006,703.1534660766962,979.3410273515677,362.8380693445594
2015-11-02,137.21192463898916,489.0,892.5669577480068,4240.998583923365,1328.2492343850154,635.9081695850459,816.9323746312684,941.5749166110741,324.59910542010175
2015-11-03,134.23919787906138,58.0,863.2167380810328,4079.651520199917,1436.2555729648886,610.7377399921176,718.4064159292035,933.6099399599733,316.05899549786585
2015-11-04,132.12525383574007,54.0,893.3492704886912,3986.116951270304,1524.0169859696603,638.2397387534486,615.3445181907572,1031.4216477651769,324.0015786704087
2015-11-05,132.76765568592057,13.0,867.7479253674676,4067.703456892961,1491.8573107328539,608.2663419852486,622.4423058013766,998.4061040693796,312.37262468572766
2015-11-06,129.08605031588448,85.0,831.6622552475999,3776.203602665556,1269.0431593191367,622.6769607567142,690.231784660767,958.4997665110074,309.9667017482313
2015-11-07,120.29701601985559,277.0,823.7768346260237,3666.955789254477,1031.9041734919165,685.4504532402455,738.4444444444445,982.3854569713142,358.5508097994504
2015-11-08,123.22927008122744,440.0,979.6037045072409,3989.1424406497295,1212.4514279609714,699.1365914081414,782.6802359882006,1017.9496997998666,381.70022803017014
2015-11-09,135.72591380866427,781.0,976.844090687205,4143.780383173677,1485.753151484937,635.9039468498395,689.5426007866273,1016.3225150100067,335.5426533356721
2015-11-10,140.46846796028882,1111.0,993.4449476595976,3978.9003956684714,1546.602093867958,618.8558639716232,648.8880285152409,1031.3816210807204,321.32251651757
2015-11-11,131.4264440433213,434.0,950.5034712805771,3941.3474177426074,1496.723844455523,725.5162434547605,622.3065388397247,1031.7939626417613,324.2732561538911
2015-11-12,132.40427572202165,238.0,902.5148343005912,3881.951686797168,1439.189943736201,613.2279713980068,631.9226892822026,1083.9439626417611,316.06840905104366
2015-11-13,127.98801331227436,233.0,872.3216087215925,3672.143794252395,1226.7949220141015,624.0574010472384,680.5739429695182,1012.1280186791195,319.4416768987897
2015-11-14,121.74816674187726,525.0,864.1424852199382,3764.5590379008745,1061.1809700163806,724.6999605878048,721.3372664700098,989.4512675116745,343.490849558557
2015-11-15,130.21725518953068,222.0,1084.9219504257742,4157.368117451062,1142.5274909194502,754.2930578233207,699.2220255653884,1075.9580053368913,370.0965327720283
2015-11-16,137.4980539259928,153.0,1038.4210012474914,4239.656830487297,1380.0500676589986,689.1404200213952,653.1559734513274,1017.058939292862,346.2657428521312
2015-11-17,145.2699120036101,104.0,995.4445137495254,4051.1430029154517,1502.5756712484865,884.2543212656944,649.5108407079646,1061.8135423615745,361.34055428872125
2015-11-18,145.97650609205778,1308.0,1019.0957042902859,3948.74850062474,1581.61149490777,639.6720623838747,645.3633235004917,1032.9707138092062,332.14029702391394
2015-11-19,146.69982513537906,177.0,1007.7384878233986,3912.111765930862,1458.2024072359518,625.1906142672146,633.9568829891839,1004.0090727151435,321.62842776121147
2015-11-20,140.4896491425993,451.0,912.7896349731518,3826.842461474386,1199.3705220425895,612.4706097629638,642.2994100294985,982.3985990660441,320.6544173536806
2015-11-21,125.83486574909747,26.0,946.9609209741282,4038.737671803415,1015.2314293853714,680.1588311468948,674.1196165191741,979.7419946631087,382.56253288896687
2015-11-22,130.83779896209387,17.0,1063.6392580137767,4276.205372761349,1195.1314365073713,735.5508417318845,712.1322517207473,1090.833155436958,413.5425656317605
2015-11-23,134.68603339350182,192.0,1006.3452839399034,4350.197605164515,1444.7645822947084,655.8812285344294,775.8952802359883,1001.3161774516344,347.11296263813364
2015-11-24,136.55262861010831,192.0,931.0052611596246,4126.851062057476,1565.7730218645395,656.3147345307134,779.6944936086529,1011.4353902601734,327.8637665906566
2015-11-25,136.28102436823104,695.0,916.4537614579378,4078.788400666389,1460.9914179901716,657.8333990203255,676.2678466076696,1067.0066044029352,323.74291060047943
2015-11-26,144.8821920126354,162.0,894.0863209849758,3926.0907538525616,1329.1003845879923,642.904960306289,611.2772123893806,1023.2833222148099,312.47044378179265
2015-11-27,130.09989846570397,145.0,865.3053099745077,3904.588879633486,1139.1490278470194,673.1458814255955,610.001941986234,970.1162108072048,303.12100216336313
2015-11-28,121.52290162454874,288.0,836.1001789879048,4096.837359433569,952.52400113952,665.9754518326671,666.9459931170109,978.3357238158773,338.6917207507455
2015-11-29,126.43792305956678,122.0,996.7343927970928,4239.576759683465,1083.927604871448,729.6470919430212,706.9228367748279,1048.698332221481,367.6249780740221
2015-11-30,137.0455212093863,446.0,950.5426859033465,4443.847042898792,1252.5498896090023,681.8539778165643,640.4642084562439,1129.934723148766,329.91445945155823
2015-12-01,142.94215365523465,895.0,900.2484948744373,4159.4620366513955,1261.9329463713411,652.9153200833287,615.7307030481809,981.2689126084056,332.1500613927381
2015-12-02,146.84871389891697,519.0,902.3934479579107,3947.5162848812993,1250.1653372266933,668.4756207420753,753.890511307768,995.9277851901268,342.16967783429806
2015-12-03,142.22120374548737,325.0,1012.2260400282041,3974.5128279883384,1189.213054625739,634.3545126963572,652.1977138643068,987.5663442294863,333.6718704320879
2015-12-04,142.2483923736462,919.0,1092.151380376417,3820.8949812578094,1013.9725446905491,627.2732954225551,669.086529006883,926.3607738492328,325.0180377711513
2015-12-05,130.92241087545128,553.0,1024.7550035255194,3770.6528529779257,832.2611993447761,642.5569787737177,696.1946902654868,936.7144763175451,353.5710986376659
2015-12-06,128.85458032490973,529.0,1160.4708737864078,4049.0317576009998,919.5641336087174,706.9323517819943,750.096656833825,1084.1316210807204,387.6488335379758
2015-12-07,146.51554038808663,382.0,1290.9871182947334,4419.237609329446,1113.087600598248,691.6205168627893,651.4187069813177,985.7803869246164,345.6287785768579
2015-12-08,141.3744359205776,557.0,947.7289418018116,4204.078758850479,1169.3881489922371,665.286526659535,629.7906588003933,958.2209472981988,330.9972811787406
2015-12-09,157.99266696750902,331.0,899.7669360525031,4052.135922532278,1157.5682287586353,659.9868250661561,614.2260078662733,953.3431287525017,334.8038063497632
2015-12-10,145.4484149368231,309.0,892.7408743287954,3892.9183881715953,1136.6570400968592,644.5743201396318,633.7270648967551,961.7911941294196,328.25589077939543
2015-12-11,143.1506374097473,496.0,835.7936486413191,3922.1741774260727,957.4619685207606,628.809216823377,655.0199115044247,949.927018012008,326.4093726246857
2015-12-12,147.56579986462094,405.0,823.0063730541846,3746.769866722199,850.5529164589417,691.7671020775857,751.1263274336283,972.377018012008,364.1201543588844
2015-12-13,128.1429659296029,417.0,932.9901014264793,4163.444148271554,948.5718609785628,748.8020663250943,775.7447640117994,1058.789292861908,396.64327895690815
2015-12-14,138.2957186371841,441.0,1015.6187015241092,4262.293107038734,1090.1422263371555,687.0475198468555,682.610127826942,1017.4927618412274,354.15079225866805
2015-12-15,143.12553587545128,578.0,917.3341378749254,3992.0833194502293,1024.9129335517414,640.0045605540229,692.1030481809242,961.6849566377585,339.3243290650763
2015-12-16,152.05127481949458,513.0,918.3118999837284,3989.6516867971677,991.8345203333096,661.9710038849164,677.4913225172074,992.6117078052034,327.0614804420277
2015-12-17,147.09135266245488,567.0,911.9621142268265,3969.445168679717,947.5219357595613,661.9656832385564,648.3580137659784,1003.3858905937292,313.1703794655908
2015-12-18,137.8723488267148,944.0,846.2345555133699,3965.521032902957,817.1624884267502,649.9562243116942,770.1652409046214,967.4967645096731,310.7778752265684
2015-12-19,127.89110446750902,328.0,841.2182025275262,3887.5206372344855,769.2864112242718,669.1937390912674,720.507645034415,972.4742161440961,343.19803543238027
2015-12-20,129.83207355595667,563.0,973.8702880078104,4088.8843815077053,828.8647888327042,726.2251562412026,764.4514503441494,1075.293762508339,376.7557446062094
2015-12-21,146.6822258574007,374.0,920.1588924445409,4295.969096209912,837.9615055907699,692.6618433646754,682.6883480825959,990.9580053368912,346.16584809682513
2015-12-22,142.5539259927798,590.0,847.9708466670282,4066.8363182007497,792.1447902571042,628.9226113394516,658.3647246804327,977.5458639092728,344.50570075425367
2015-12-23,142.79738267148014,713.0,809.0207734447035,4052.399687630154,741.001602449968,645.2203141714994,815.5081120943953,910.4479986657772,345.10039174413845
2015-12-24,125.87480257220217,408.0,770.8295546997884,3853.459954185756,675.2192151556156,584.0391869827149,734.3077187807277,899.5408605737158,325.3535052330001
2015-12-25,120.2292136732852,652.0,904.9387102023105,3825.1798833819244,666.3027918239442,610.0102753223355,901.8409783677483,890.7250500333556,332.25577384084664
2015-12-26,133.58760153429603,563.0,979.8473992515052,4276.109433569346,779.5823303183533,651.817831203198,1170.2190019665684,855.3543695797198,377.57527919078524
2015-12-27,138.24974616425993,534.0,1005.1183489721756,4355.4135360266555,791.7224912755502,688.662237486628,823.252581120944,893.8292194796531,417.4920774133193
2015-12-28,143.29986462093862,647.0,925.211531160167,4377.64543940025,874.4226906915462,682.0524182196948,839.0749262536873,859.8282188125416,373.8858972110156
2015-12-29,144.32220216606498,389.0,947.3167272332809,4303.541087047064,885.6703938465921,694.0625809357581,776.9918387413962,816.9154436290861,353.715839326434
2015-12-30,150.51404557761734,342.0,893.4120518522536,4110.843231986672,807.7272986254541,676.5850458870559,793.7295968534906,765.4974316210808,351.1213822136467
2015-12-31,127.48228790613719,512.0,833.2696208710745,3872.061224489796,722.8046435439071,629.013315691684,1165.4084562438545,796.6280853902601,352.0724141963398
2016-01-01,127.49080550541517,249.0,1017.6805608287682,4301.071886713869,716.2024428459512,733.5619052981251,881.019714847591,1000.6978318879253,502.7358942875519
2016-01-02,144.20924526173286,284.0,1034.9847589087162,4620.081695127031,851.4096218218076,758.4994651202072,1000.9939282202556,1038.423949299533,426.49272057533767
2016-01-03,129.99300541516246,183.0,1089.502928892987,4752.172698875469,874.9513567409729,866.3206182084342,957.9929203539823,1024.8995997331554,464.01040753084254
2016-01-04,143.2349672833935,275.0,1114.152600748495,4805.086651395252,945.2753721244926,796.7278869433028,873.5249508357915,1037.647631754503,386.17695725896044
2016-01-05,150.96277075812273,254.0,1026.1935238921733,4353.747063723448,1050.750801224984,769.4243004335342,891.0013028515241,995.6039359573049,378.0754545986084
2016-01-06,174.96356046931407,301.0,1060.8881596789065,4376.018721366097,956.7663627946728,736.4823771184055,892.4728859390364,1054.5925617078053,385.9733380108753
2016-01-07,148.28387296931407,457.0,1037.1948527417692,4342.36241149521,994.9638202407236,702.2176397725353,884.441273352999,1030.73245496998,379.94319709992396
2016-01-08,145.03883686823104,790.0,1027.492596409394,4257.411307788421,1082.156043016879,706.032543212657,926.9711651917404,1041.877551701134,375.42971993217566
2016-01-09,132.72196525270758,379.0,1016.4190757715463,4429.899354435652,1050.307243073855,773.4362648499522,899.2894542772862,1155.0510006671113,401.7726714611472
2016-01-10,134.6074571299639,576.0,1144.7988284428052,4641.802707205331,1148.3884694822307,827.3062046055966,1167.9887659783678,1110.1009673115411,417.218499678419
2016-01-11,151.60621615523465,825.0,1244.1746488040353,6230.934589754269,1531.5140659497188,900.77523788075,1475.744936086529,1156.5324549699799,423.3178097409811
2016-01-12,143.22314981949458,841.0,1088.4247708412431,5035.428842149105,1427.1584644968307,747.6161533697427,1071.0598574237954,1079.78332221481,397.9920774133193
2016-01-13,144.0431802797834,383.0,1047.0613440364484,4469.394127446897,1329.0683711986326,745.0397500140758,922.4355948869223,1060.5174783188793,391.74457697479977
2016-01-14,142.25609205776172,716.0,1094.86754895048,4897.98221574344,1329.3956627020868,753.8159168965711,880.3021140609636,1230.8300200133422,406.69201309711747
2016-01-15,139.1988379963899,518.0,1129.3104084178553,4532.178009162849,1204.4001139519978,726.7754912448623,931.1522369714847,1142.0511007338225,464.32798339472606
2016-01-16,131.36419787906138,747.0,1053.6103758746,4440.180008329862,1057.5159888896803,736.4509036653342,941.0429449360865,1141.8596397598399,680.7347833713384
2016-01-17,136.25922269855596,109.0,1161.0091392308943,4783.4348396501455,1090.2405811551885,774.5302629356455,999.1056784660767,1160.0243495663776,544.4415014909665
2016-01-18,155.244556633574,297.0,1096.6237186093183,4878.677280299875,1275.1769460864612,717.1860818647599,972.4416175024583,1119.6221480987324,431.04350114015085
2016-01-19,160.36005189530687,67.0,1093.3268970005965,4730.4641399416905,1362.8946656221067,736.2853161421091,954.3679695181908,1121.3129419613076,393.81570484710284
2016-01-20,170.64209160649818,270.0,1086.0157563594944,4474.8947938359015,1350.0890249982194,724.6451776363944,835.7191494591937,1071.5191460973983,393.4118283342104
2016-01-21,160.1223488267148,559.0,1016.1424038617996,4422.846209912536,1335.0768107684637,694.6008389167276,883.4295968534907,1091.16577718479,391.88741741214994
2016-01-22,154.7552741425993,1090.0,1047.2094429679448,4518.192169929196,1251.5778078484439,721.5089240470694,962.5617748279253,1088.544663108739,383.1425773256154
2016-01-23,141.31532039711192,398.0,963.152763464772,4365.344314868805,1027.4492557510148,760.7753223354541,933.7617502458211,1076.0221814543029,401.7318014383442
2016-01-24,139.4246671931408,220.0,1090.1790150241363,4707.295939192003,1155.287443914251,764.693429424019,1008.0984267453294,1173.7219479653102,386.51312635210195
2016-01-25,158.02558100180505,193.0,1070.4719856809677,5082.9163681799255,1404.2810341143793,697.0927312651314,856.063249754179,1110.6368579052703,361.48997251944104
2016-01-26,164.35133686823104,241.0,1026.2160872159245,4598.51016243232,1484.4922370201552,684.7898485445639,817.6994346116028,1086.119913275517,359.4370578261124
2016-01-27,148.0416008574007,383.0,1014.9044855453707,4503.7038525614325,1570.8055694038885,725.5979674567874,805.0365781710915,1103.7432955303536,376.0708647605683
2016-01-28,146.6059905234657,920.0,1007.6940120410045,4239.346272386506,1409.376896232462,711.8262766736107,766.1623156342183,1041.3126751167445,379.3019353329825
2016-01-29,141.1417813628159,461.0,961.9601345121224,4246.932611411912,1154.2256605654868,644.8993018411126,927.1571288102261,1055.732555036691,379.80941940010524
2016-01-30,132.5888707129964,685.0,996.7041004501817,4284.483965014577,1063.2134819457303,673.7601204887112,935.1155850540806,1140.0460306871248,383.5319242238204
2016-01-31,138.9806802797834,432.0,1157.517166567229,4841.276280716368,1281.388896802222,785.4814481166601,959.4891592920354,1110.750266844563,377.0429456820441
2016-02-01,153.89928361913357,134.0,1113.59106687639,5073.708184089963,1310.1313652873728,723.0858059793931,832.6143067846608,1066.4461974649766,390.95778518388585
2016-02-02,152.29309566787003,668.0,1014.619867657428,5075.0173469387755,1434.6511288369775,723.714036371826,826.4906096361849,1473.7442294863242,367.557095246448
2016-02-03,156.7958314530686,117.0,1000.3406465260075,4748.808829654311,1515.4403176411936,742.5391025280109,897.5173058013766,1696.00963975984,364.6215576214699
2016-02-04,152.19917644404333,504.0,967.9889352931605,4610.231278633903,1488.2018730859625,680.8748944316199,825.3328416912487,1051.19386257505,353.2817634333158
2016-02-05,165.28398578519855,461.0,907.7609155502522,4697.329029571012,1252.9986824300263,659.4815044197962,883.3046214355949,971.9588392261508,361.26071449453315
2016-02-06,152.03367554151623,61.0,886.974507783262,4314.396772178259,1093.1835695463285,661.9015258149878,880.1063667649951,1037.1917278185456,366.2423551423727
2016-02-07,156.61507220216606,370.0,1036.9657482236807,4909.212349021241,1207.7280464354392,748.5410449862057,920.9800393313668,1069.8354903268846,326.1217330292931
2016-02-08,180.01810694945848,127.0,1127.8025166784184,5640.6140774677215,1528.0121786197565,756.8516975395529,815.4460914454278,1058.3738492328218,360.31351224931296
2016-02-09,168.67212883574007,288.0,1004.004691652655,4686.084964598084,1524.0185884196283,704.5555430437475,869.17563913471,1001.6820213475651,382.4682219493656
2016-02-10,160.97106272563178,144.0,969.7814178011607,4686.916451478551,1836.4145716117087,716.2797984347728,877.7369469026548,1024.4366577718479,376.8860726188388
2016-02-11,196.40695509927798,244.0,969.2433693117101,4201.3962099125365,1566.7081404458372,723.884972692979,979.3993608652901,1049.7999666444296,402.3188621879203
2016-02-12,162.96124774368232,39.0,928.2421218202528,4420.066034985422,1264.7223132255538,715.3428297956197,1039.716592920354,1022.4311874583055,426.78728877974623
2016-02-13,143.9736292870036,192.0,928.8383956175082,4440.244939608497,1128.300904493982,703.6979336749057,1001.5242133726647,1061.2940960640426,441.0230953633865
2016-02-14,137.57550203068593,28.0,1033.0359331778488,4935.084735526863,1300.4376825012464,752.5827937616125,1027.6395771878072,1147.3660773849233,463.7157808571596
2016-02-15,147.80843862815885,111.0,1016.3251613603081,4960.187130362349,1462.2324264653514,723.267946624627,827.7374139626352,1083.964209472982,395.7042039408291
2016-02-16,148.37105144404333,582.0,994.7262569832402,5167.237713452728,1575.5897371982053,688.6860537131918,772.3037856440511,1034.5199799866577,383.3308483891715
2016-02-17,148.63681746389892,545.0,966.9587514237675,4746.731528529779,1649.5292714194145,730.0806260908732,771.8570796460177,1006.4657438292195,395.02917616792377
2016-02-18,147.60071638086643,245.0,908.3038726473939,4418.37511453561,1537.286090734278,768.9125612296605,821.984267453294,971.486657771848,369.7799508858095
2016-02-19,145.27498871841155,405.0,870.7848619623583,4341.808288213245,1287.3236948935262,638.8254884297055,814.281145526057,966.4262841894597,376.69712915862715
2016-02-20,137.2951263537906,304.0,904.4027227857026,4347.833944189921,1116.5454739690906,692.0827656100445,903.0538102261554,953.4929286190794,417.5602818219026
2016-02-21,160.82053813176896,192.0,994.4137332537831,4730.96114119117,1296.4850081902998,733.8473058949384,932.0124139626352,985.687458305537,427.15883178389754
2016-02-22,146.1982739169675,30.0,992.6442750989858,5074.069950020825,1474.4878569902428,735.5874669219075,794.0614060963618,999.7032688458972,394.3529497748933
2016-02-23,150.37274368231047,192.0,915.4862775939687,4621.794106622241,1543.4726871305463,698.0178480941388,755.1363815142577,1058.6268178785858,367.2517102262761
2016-02-24,161.12745374548737,192.0,1053.2540001084776,4635.919241982508,1538.7604159247917,708.5592590507291,722.2690019665683,970.8611741160773,367.37624978074024
2016-02-25,170.77307084837545,634.0,961.4374355914737,4678.266097459392,1443.7614130047718,703.4350543325263,680.6545476892823,962.5453635757171,377.71575162252236
2016-02-26,167.7780065433213,66.0,930.2042902858383,4379.879716784673,1218.9550601808987,710.6587748437588,780.1579646017699,945.419479653102,377.2290826170847
2016-02-27,148.38822766245488,192.0,836.370423604708,4331.114327363599,1102.1105334377894,700.8724733967682,799.297738446411,997.8909272848566,423.6402093200023
2016-02-28,162.82883009927798,303.0,1092.4702229212996,4707.890170762183,1316.212093155758,762.3173526265413,832.8570304818093,1146.9928619079387,464.25551072911185
2016-02-29,164.37353339350182,186.0,1178.7410370450725,6169.920928779675,1832.2870165942597,800.0211981307359,779.4142822025566,1213.5843562374916,521.9484300999825
2016-03-01,167.15974729241879,167.0,970.594700873244,4732.820366513953,1654.4575172708496,717.9588987106582,710.8964601769911,1027.7859239492996,392.98362860316905
2016-03-02,169.70007897111913,94.0,972.3167272332809,4662.484693877551,1647.1182964176342,730.2721412082653,784.4843903638151,1015.6291194129419,374.95623574811435
2016-03-03,168.6985559566787,130.0,989.7630037424743,4601.462057476052,1593.7971654440566,686.5222397387535,721.3997050147493,1042.6453969312875,363.6141027889844
2016-03-04,168.20763763537906,150.0,908.059933828714,4528.962869637651,1433.3157894736842,658.7846686560441,839.5459193706981,966.36754503002,383.7185581476934
2016-03-05,168.05347472924188,241.0,855.8034116179422,4734.015097875885,1273.229755715405,664.387562637239,861.4303343166175,1090.7830220146764,419.5881131965152
2016-03-06,166.19367666967509,599.0,1060.3651624450833,5131.4739691795085,1427.4149989317,756.9757051967795,940.8609390363815,1079.5582721814544,441.0503420452552
2016-03-07,172.26711981046932,397.0,1003.9425069154418,5086.473365264473,1615.2599886048001,717.6499070998254,820.8961406096362,1129.0265843895932,381.2354265333567
2016-03-08,173.34293208483754,323.0,966.7834246352444,4623.938004997917,1708.6679367566412,695.711418275998,795.008087512291,1132.7397931954636,373.8105010816816
2016-03-09,160.83204535198556,744.0,935.6109996203287,4519.8669096209915,1680.4263585214728,766.7327571645741,799.6062930186824,1097.5244829886592,383.4254516751447
2016-03-10,150.30677459386283,522.0,886.1741606552042,4184.200020824656,1523.5298055694038,663.5228590732504,723.0247295968535,1027.4095396931289,379.5707770566567
2016-03-11,149.35161890794222,63.0,910.100829853013,4127.813473552686,1348.7057545758848,656.6109734812229,810.2663962635202,1036.9775183455638,397.98070513944924
2016-03-12,139.61377481949458,633.0,852.8140424147095,3956.8605164514784,1102.5790898084183,620.9758459546197,817.996656833825,998.5789192795197,438.70627960007016
2016-03-13,134.8247405234657,793.0,1016.2529695720561,4011.80837151187,1304.7103126557938,717.0532909183041,891.4257374631269,1101.3996997998665,443.5033035140034
2016-03-14,144.77834499097472,564.0,1033.53476704453,4388.137401082882,1515.8875080122498,700.1367884691177,795.055162241888,1082.5902268178786,401.31421388060573
2016-03-15,144.04648014440434,35.0,955.9079297065683,4064.645814244065,1573.495940460081,701.8622262260008,798.3299655850541,1102.0179452968646,389.5916798222534
2016-03-16,141.13312274368232,264.0,960.0307262569833,4297.569991670138,1611.4109037817818,717.6642925510951,790.9427974434611,1078.568679119413,376.77781675729403
2016-03-17,144.75245374548737,191.0,881.149888810544,4045.820970428988,1460.2980200840395,662.0225212544339,801.6501474926254,1064.1576717811874,379.0744313863065
2016-03-18,137.44274593862815,33.0,968.0339263437653,3761.4354227405247,1214.3855138522897,638.9365182140646,815.9241887905605,987.1600400266844,422.4450973513419
2016-03-19,135.56371277075812,22.0,821.3728914682432,3707.8954185755933,1018.8022932839541,635.1154495805416,891.2094641101278,1012.0427284856571,424.10676489504766
2016-03-20,131.56405121841155,192.0,926.1014807181211,3928.045189504373,1115.8614058827718,736.0361747649345,925.0760570304818,1049.2506671114077,436.28430684675203
2016-03-21,142.06348713898916,35.0,933.5765308889733,4026.1410870470636,1213.2624100847518,688.1580429029897,885.6502704031465,1027.695096731154,389.452055194995
2016-03-22,156.9650552797834,89.0,894.1360308076152,3856.9790503956683,1217.848052133039,635.8780192556725,816.0671337266471,1132.8984322881922,368.5714202186751
2016-03-23,163.5230144404332,54.0,917.8966751640722,3859.5961890878802,1105.2275835054484,968.7349811384494,737.3508849557522,971.5689793195463,365.5443781792668
2016-03-24,145.44872518050542,13.0,944.3687693225579,3816.2869429404413,1099.0630653087387,696.4542537019312,708.0918141592921,1010.0536691127418,393.1009472022452
2016-03-25,146.6011394404332,11.0,1158.2242501491567,3913.809058725531,1135.7895805142084,650.9343786948933,750.4120943952803,979.456571047365,385.00070163129277
2016-03-26,153.23575699458485,52.0,855.891007213755,3879.493544356518,1159.3332739833345,621.8576375204099,781.5967305801377,994.9859906604403,403.8754896801731
2016-03-27,139.51232513537906,26.0,983.4352931604925,4136.349521032903,1287.8046791539064,706.9624739597996,850.9507866273353,1033.5464309539693,421.41179909957316
2016-03-28,167.16634702166064,599.0,1028.7354504528937,4347.883277800916,1508.2444626451108,766.6584933280784,799.0967551622418,1042.5124416277517,393.65561597380577
2016-03-29,172.5240579873646,109.0,1078.561371155828,4156.784256559767,1471.1733850865323,682.4371375485615,727.8393559488692,1002.627451634423,370.6078173419868
2016-03-30,174.52560920577616,76.0,949.7457015783478,3919.592065805914,1498.8504380029913,725.0016327909465,722.9379547689282,941.8516010673783,381.31617260129804
2016-03-31,170.0974165162455,52.0,865.0347399251505,3794.8947938359015,1444.9223702015527,664.6767918473059,715.431784660767,1026.6102068045363,361.3420160205812
2016-04-01,161.15498082129963,35.0,942.7281282204264,3764.9044981257807,1240.0224342995514,616.9733404650639,848.009488692232,931.3751167444964,391.81234286382505
2016-04-02,148.04518276173286,24.0,808.64348863698,4425.096605581008,1132.3757567124849,633.636253589325,832.0816617502459,1039.7634422948634,484.3130152604806
2016-04-03,156.7740579873646,43.0,887.9272115853989,4833.431236984589,1317.6043372979132,683.2214683857891,927.7923058013766,1146.5879252835223,482.82377360696955
2016-04-04,158.10269065884478,13.0,979.7713836307425,5028.138879633486,1529.713446335731,692.7278024885986,860.9577925270403,1053.92281521014,492.91062971408525
2016-04-05,172.8341606498195,91.0,975.3048218256766,4767.8043315285295,1562.0560145288798,689.3086819435842,770.1342428711898,1033.4946964643095,479.9002221832427
2016-04-06,176.6660085740072,128.0,926.3747898248088,4846.314369012911,1632.1974218360515,649.9134057767018,780.6775319567355,1013.8154436290861,427.15067532011926
2016-04-07,165.69807648916967,139.0,923.5057764278354,4177.026634735527,1540.8644683427106,633.3155790777546,840.3595624385447,997.8972648432289,393.32362743378354
2016-04-08,163.03102436823104,244.0,982.1148776915984,4019.536880466472,1291.2232746955344,613.5741230786555,799.7262782694198,911.1806871247499,450.87689294275856
2016-04-09,175.1497912906137,100.0,826.0810327059717,4121.463598500624,1075.6574318068513,590.1448116660098,940.7540068829892,881.810440293529,459.26960182424136
2016-04-10,200.52882445848377,43.0,970.0452080056408,4352.009537692628,1298.0767751584644,652.4980575418051,1016.8898967551622,1071.1153435623748,472.6680114599778
2016-04-11,159.91990072202165,351.0,938.1572924011499,4416.295335276968,1586.239299195214,676.486064973819,802.2993362831859,1000.1646764509674,416.45474478161725
2016-04-12,161.76291741877256,39.0,962.8273851494278,4190.826593086214,1534.1657289366854,658.3187039018073,747.1855211406096,1097.4867244829886,390.9257147868795
2016-04-13,162.2089914259928,117.0,935.2424201334273,4154.41576426489,1539.370343992593,710.6447553628738,750.4249016715831,978.8280186791194,399.66584809682513
2016-04-14,168.15117328519855,13.0,873.1730487606444,4005.117846730529,1527.762445694751,891.9333089353077,893.1921337266471,947.9183122081388,403.0453429222943
2016-04-15,185.8132333032491,65.0,899.0272549764061,3895.318284048313,1270.395591482088,1032.294549856427,867.3631022615535,939.7209139426284,402.84847687540196
2016-04-16,153.7716888537906,587.0,828.4387915604491,3791.2861516034986,1055.0666263086675,995.5354709757333,945.9886922320551,882.8273182121414,424.56457931357073
2016-04-17,166.45278655234657,588.0,988.9310354179096,4068.274698042482,1273.956199700876,1101.2131636732165,999.8148475909538,937.4870246831221,435.03391217914987
2016-04-18,172.92514666064983,165.0,942.0452080056408,4335.890462307372,1476.224200555516,1043.2296323405214,835.5359144542773,934.5386591060707,396.88031339531074
2016-04-19,177.95261732851986,450.0,914.973395888702,4276.181424406497,1553.5058400398832,1071.273999211756,834.0852999016715,978.9172448298866,377.8566918084547
2016-04-20,182.12254625451263,172.0,866.3795357162228,4293.610537276135,1591.771704294566,1047.946061595631,732.2545968534906,1032.6028352234823,376.0926445652809
2016-04-21,185.4173059566787,198.0,894.4516732657157,4842.919596001666,1575.3819884623601,1111.785822870334,768.3372418879056,1062.0734823215478,372.84116821610246
2016-04-22,180.3521265794224,135.0,887.7278570266312,4606.133944189921,1372.4776369204474,1103.402257755757,804.1397492625368,1010.7896264176118,384.76056832134714
2016-04-23,185.31639214801444,13.0,843.1828659760265,4188.366326530612,1153.6547610569048,1085.4426552558978,877.8082841691249,924.2519012675117,407.97860024557093
2016-04-24,212.2453181407942,115.0,1018.8215273634539,4515.388400666389,1325.7315362153693,1125.0529249479196,955.3701327433629,1086.633589059373,426.30351400339123
2016-04-25,211.65966268050542,87.0,985.8687150837989,4587.362515618493,1453.036749519265,818.7947187658352,799.2770157325467,1138.9919613075383,386.9966672513594
2016-04-26,210.19260491877256,336.0,981.0629983185985,4220.2434402332365,1555.8954846520903,686.9440346827319,778.7012291052114,989.4429286190793,365.4581652341694
2016-04-27,217.74850518953068,118.0,920.1958290394316,4146.220991253645,1478.1834271063315,684.6148020944767,712.840953785644,931.4717478318879,374.46576623984095
2016-04-28,218.26807874548737,242.0,881.8372023648099,4133.294460641399,1403.015454739691,669.8394797590225,696.8306784660767,967.8822214809874,373.88785593170786
2016-04-29,196.50067689530687,174.0,853.6979172316537,3935.9697209496044,1181.0536286589274,649.7675525026744,849.998377581121,870.2926951300867,372.325615389113
2016-04-30,171.14437612815885,79.0,778.6617942181483,4047.3689920866304,1045.1602449967952,646.8533866336355,802.0151179941003,890.1953969312875,399.99906449160966
2016-05-01,192.92683889891697,120.0,925.3382057818517,4226.773344439816,1249.6646962467062,730.1315804290299,848.555383480826,938.387191460974,427.4535461614921
2016-05-02,204.9602041967509,67.0,862.5162173889462,4522.760287380258,1467.9448757211026,671.7695512640054,812.5388397246804,920.3537024683122,411.37429106004794
2016-05-03,199.6892486462094,96.0,902.4454086890491,4384.058933777593,1546.103553877929,677.8525420865942,916.5728121927237,970.2401601067378,396.57665321873355
2016-05-04,197.02154783393502,174.0,845.2583120898194,4344.835860058309,1517.2484865750303,728.4419233151286,883.1281465093411,985.2182121414277,378.63550254341345
2016-05-05,244.2082863267148,349.0,776.4060855887617,4080.3866930445647,1458.2489138950218,629.9364900624964,959.471656833825,963.1354236157438,365.88697889259197
2016-05-06,291.85291629061373,191.0,757.2407658512773,4113.620366513953,1295.316644113667,625.5565565001971,974.319174041298,985.0832555036691,369.79676080219843
2016-05-07,273.6522732400722,356.0,708.5343873732169,4064.842732194919,1071.2007691759845,625.319801812961,930.421116027532,1025.4821214142762,403.85055253464304
2016-05-08,279.870741200361,1027.0,811.1302001410207,4345.545043731779,1203.6355672672887,710.0995720961657,935.1672812192724,940.1021347565044,407.4804127930772
2016-05-09,305.85694945848377,376.0,901.1645332754787,4422.106747188672,1451.2012677159746,750.9203873655763,899.7499508357915,1022.9113408939293,370.4822838098579
2016-05-10,266.37595893501805,146.0,901.6327222433151,4252.666055810079,1484.8059611138808,729.2258881819718,812.0708456243855,1052.8518012008005,386.94088756358536
2016-05-11,186.7678249097473,318.0,848.0527471931442,4084.163286130779,1499.5544120789118,730.5829345194527,776.9646755162241,1008.3650433622415,373.18946968368124
2016-05-12,178.33999887184115,3208.0,868.4737755600152,4127.229071220325,1442.469446620611,716.6146894882045,808.2093903638151,1008.0506337558372,364.70043267263054
2016-05-13,171.96293998194946,5938.0,858.1723707761566,3980.234735526864,1191.285699024286,686.3859298462925,809.7598820058997,921.5392928619079,361.9115652224756
2016-05-14,158.73696976534296,2559.0,885.2538102728209,4088.1577051228655,1094.1477458870452,721.7730983615787,883.951720747296,1007.1027018012009,391.5285037712682
2016-05-15,174.99977436823104,1197.0,994.1617670987688,4427.178738025823,1237.5662345986752,719.0003941219526,939.3745083579155,1208.1387925283523,408.34853534467635
2016-05-16,181.815574232852,226.0,1044.5120952432608,4509.028758850479,1432.2174702656505,738.9132931704296,890.3188053097346,1026.063942628419,362.9277319768462
2016-05-17,180.0570284296029,227.0,921.9640668221512,4220.363411078717,1567.8033971939321,668.1056809864309,819.1273598820059,985.6738158772515,360.62465649301294
2016-05-18,173.04710063176896,187.0,859.1319629006888,4184.338817159517,1728.4750017805,678.5671977929171,722.2355457227138,950.0919613075383,352.461205636438
2016-05-19,172.2818422833935,104.0,846.8063676303086,4076.113765097876,1448.3661064026778,659.1817465232814,899.6112340216323,975.9030020013342,350.32804186400045
2016-05-20,159.95924526173286,220.0,813.9188316971307,3824.25179092045,1310.9152838116943,620.3793986825066,833.0469518190757,889.7365910607072,391.3762790153774
2016-05-21,162.70148916967509,155.0,756.4512393556436,4153.714556434818,1150.236699665266,655.0720680141884,880.1730334316618,898.4915610406938,412.4624334912004
2016-05-22,166.1477041967509,260.0,839.7829636057927,4130.613952519783,1272.8439213731215,798.3209278756826,1018.7577925270404,971.9298198799199,423.3275448751681
2016-05-23,174.63834047833936,141.0,957.8994142214026,4472.5309246147435,1524.2266220354675,726.6104949045662,810.3436086529007,913.6131420947298,388.49710577091736
2016-05-24,175.0576489169675,100.0,911.5407333080219,4131.695481049563,1487.7577095648458,690.9935814424864,769.0772861356933,911.6546364242829,377.87700988130734
2016-05-25,181.01630189530687,152.0,861.2039106145252,4060.866638900458,1525.504308809914,676.1889533247002,740.2536381514258,858.0611741160774,377.2813249137578
2016-05-26,230.11177233754512,122.0,832.2526170201226,3982.03325697626,1377.0759561284808,658.7083497550814,811.426302851524,855.9098732488326,358.23846693562535
2016-05-27,193.15100406137185,63.0,827.8815154309269,3793.9035401915867,1147.5368919592622,638.8061483024604,878.7975909537856,824.6021347565044,364.56560252587263
2016-05-28,161.0505979241877,152.0,815.1785268753051,3952.2073927530196,1137.3433872231324,702.7428635775012,824.1217059980335,844.9098065376918,392.7770274220897
2016-05-29,153.06554602888087,13.0,919.6867169279167,4132.428904623073,1249.0543052489138,757.055852710996,947.3312930186823,892.6639759839893,400.46974215049994
2016-05-30,169.73919787906138,139.0,948.902370233769,4307.471845064557,1463.0410939391782,745.6614210911548,782.1455506391347,856.5939292861908,369.73767760042097
2016-05-31,181.85779557761734,178.0,883.0771817540815,4152.225905872553,1479.7287230254256,700.3142559540566,689.6164208456244,822.9692461641094,352.66687130912703
2016-06-01,192.8378835740072,208.0,912.5477572273146,4043.8619325281134,1464.4432732711346,718.0434097179212,689.6922074729597,817.3595063375584,361.6475764485763
2016-06-02,189.93665388086643,114.0,882.3159950100342,3922.0648063306953,1410.1116729577666,835.6360002252126,701.178761061947,825.9625083388926,356.0695492018944
2016-06-03,176.25851759927798,283.0,869.6131149319303,3856.7563515202,1210.7529378249412,640.7840774731153,817.6171828908555,806.5107404936624,356.62918786177863
2016-06-04,166.26108416064983,115.0,878.9416390952975,4302.005768429821,1155.4613631507727,729.4474128708969,880.569837758112,899.0671114076051,377.56083728000937
2016-06-05,177.0498364169675,636.0,932.8680370993112,4600.701603498543,1291.9286731714265,762.6300883959236,959.8014503441494,888.0680120080053,400.1582178565164
2016-06-06,182.63924300541515,552.0,992.9718772034496,4615.886234902124,1484.923046791539,665.263245312764,804.0847345132744,913.0521347565043,364.32044085832894
2016-06-07,173.8835458032491,488.0,907.8141237728481,4293.390857975844,1507.0598960188022,652.4997184843196,816.3553588987218,863.2440627084724,352.03110565397884
2016-06-08,149.8425936371841,534.0,896.8307208331073,4264.692128279883,1520.2373762552525,697.0045042508867,764.662389380531,873.8595396931288,359.5678828275741
2016-06-09,176.55491313176896,454.0,901.3919563920377,4158.976176593086,1407.6157324976853,632.8668712347278,761.2817354965586,857.2195463642428,404.3465181547097
2016-06-10,157.81842283393502,390.0,911.7974724738298,4158.717930029155,1222.0151698596967,699.1975958560892,825.5642822025566,871.0535690460307,420.5206688884991
2016-06-11,174.70241990072202,150.0,920.1798286055215,4516.433965014578,1066.8272558934548,698.6206294690614,825.9032202556539,882.3272181454303,429.1221715488511
2016-06-12,174.31303587545128,295.0,1175.7552475999348,4794.177925864224,1345.9033544619328,744.8380158774844,985.387610619469,934.2387258172115,436.90577676431036
2016-06-13,202.18625902527077,368.0,1115.5709442967946,4910.051541024573,1417.6301189373976,717.8197736613929,941.1685840707964,930.019212808539,382.40785242355145
2016-06-14,196.79292644404333,336.0,1064.0804360796226,4759.166430653894,1542.0606082187878,711.2199200495468,772.7084808259586,902.1575050033356,386.88578027246683
2016-06-15,206.1881204873646,283.0,959.2750989857352,4349.196334860475,1413.2845595043088,694.6478801869264,841.3394788593904,909.3135423615744,358.0992515932877
2016-06-16,209.55147224729242,407.0,1002.850219666974,4201.865306122449,1290.9003632219928,670.0288272056754,866.3698377581121,897.7643095396932,350.49122960884057
2016-06-17,190.99963334837545,16.0,936.9789011227423,4014.1578508954603,1193.054198418916,658.5531220088959,835.3229842674533,851.3416944629753,360.7863240367187
2016-06-18,195.36371841155236,241.0,842.5608016488583,4071.5379425239485,1060.3925290221493,632.2485783458138,817.8124631268437,787.6367244829887,373.6738876220546
2016-06-19,226.50688176895306,328.0,955.6076368172696,4482.029133694294,1149.1967808560644,696.904960306289,966.1935594886922,868.2150100066712,396.7794831316143
2016-06-20,190.50507671480145,215.0,1002.1658621250746,5021.667346938775,1347.8080621038387,690.4712854005968,782.0640363815143,914.4849232821881,370.7773490030989
2016-06-21,170.15813966606498,945.0,993.2430438791561,4314.446293211162,1395.86599957268,679.3578627329542,748.1574483775811,882.7050366911275,366.2793661930655
2016-06-22,170.93665388086643,65.0,966.7704073330802,4397.786172428155,1314.138202407236,676.7267608805811,925.015511307768,865.642895263509,364.6644448342396
2016-06-23,180.81213334837545,192.0,887.2069208656505,4233.526134943773,1199.5800156683997,636.6300320927876,803.048918387414,787.271581054036,364.3133368414898
2016-06-24,157.79371615523465,22.0,902.5609643651353,4265.635235318618,1106.518802079624,663.916220933506,1021.9048918387414,797.1605070046697,380.3685026018827
2016-06-25,192.6578576263538,26.0,867.3001301730217,4225.605914202416,1004.8695249626095,655.6678114971004,908.7300884955753,748.4150767178119,415.170847219786
2016-06-26,206.09719088447653,65.0,1074.1704995389705,4454.457684298209,1132.857951712841,768.9174032993637,903.0855211406097,797.477985323549,414.18110857744256
2016-06-27,145.1146773465704,37.0,1227.5700222378912,4653.044502290712,1402.2021223559575,753.8303586509769,773.1706735496558,857.9432288192128,374.1824241361165
2016-06-28,142.88509702166064,180.0,1043.7980419807996,4388.413577675969,1290.7435367851292,682.6480490963347,810.9198869223205,808.9977318212142,372.01642986610534
2016-06-29,156.7642712093863,24.0,881.8945869718501,4181.387401082882,1276.179545616409,621.7178086819436,875.2821533923304,752.1230820547031,368.16248611354735
2016-06-30,165.28753948555956,102.0,907.4581819167978,4532.1879008746355,1114.5934050281319,642.0722369235966,794.1859636184857,750.1266177451635,352.7791030813308
2016-07-01,168.4914541967509,43.0,868.9809893149645,4255.4620366513955,1012.770101844598,673.1902482968301,774.061971484759,763.4287858572382,383.24916681283986
2016-07-02,129.50022563176896,192.0,897.868823561317,4380.0164306538945,983.4220141015597,708.218737683689,890.8109882005899,769.2055036691128,381.14143717476463
2016-07-03,132.3202842960289,52.0,992.7993165916364,4437.567076218243,1048.2293283954134,745.7236642080964,874.2073008849558,803.2874916611074,399.98166988247675
2016-07-04,123.0266809566787,259.0,862.4951727504475,4653.7600791336945,1118.4736129905277,667.901582118124,773.1100540806293,775.1354569713142,389.6377828451149
2016-07-05,114.12119246389892,192.0,880.2711124369474,4612.552623906706,1174.6211096075779,624.3828613253759,835.7678957718781,793.8590727151434,409.64488686195403
2016-07-06,129.16606498194946,192.0,931.2523458263275,5168.8436901291125,1141.3609429527812,624.0666066099882,947.1250491642085,806.2382254836558,388.78041864000465
2016-07-07,145.41028316787003,11.0,915.7548136898628,4425.55658059142,1127.2785058044299,704.9954675975451,904.1692969518191,863.9884589726485,392.66979477284684
2016-07-08,138.6999943592058,173.0,799.8422465693985,3999.8182632236567,973.7624100847518,631.0034907944372,818.9021140609636,789.8415610406938,456.9823715137695
2016-07-09,113.49503610108303,86.0,753.1258068015404,4248.078779675136,914.9280678014386,591.552502674399,904.5540560471976,715.8111741160774,411.756417002865
2016-07-10,102.33641696750902,15.0,939.3572435862667,4889.976072469804,1168.5847161883057,733.6262034795338,1005.5294493608653,890.082021347565,428.1126118224873
2016-07-11,130.93315658844764,26.0,992.6427021749743,4968.380966264057,1154.884053842319,707.2182028038961,948.4595378564405,893.8427951967979,392.74177044962875
2016-07-12,121.2659352436823,98.0,959.3489179367576,4323.063910870471,1149.8433872231324,671.539918923484,913.8580137659784,776.9522014676451,429.86809331696196
2016-07-13,122.77848601083032,73.0,996.8637251179694,4195.819033735944,1115.8217007335659,615.1519621642925,855.0331366764995,788.2776184122748,400.80175992515933
2016-07-14,116.20543772563177,167.0,888.4471172099583,4143.496834652228,1075.6489922370201,651.6137604864591,780.469395280236,827.4232821881254,402.6064725486757
2016-07-15,156.59380640794222,182.0,847.465070239193,4058.4198250728864,1027.2716686845665,587.0861437982096,781.5003687315634,757.2159773182121,403.4561480442028
2016-07-16,114.48242892599278,13.0,754.5636763030861,4229.452228238234,880.0228260095435,561.7756320027025,896.4972959685349,719.5882921947965,397.08288019645676
2016-07-17,101.95309679602889,128.0,818.3188967836415,4455.872469804248,966.2011608859768,573.1012893418164,996.7017944936086,766.7861574382922,434.7669122376191
2016-07-18,170.08486574909747,198.0,815.3015946195151,4491.551228654727,1087.2230966455381,591.4760148640279,1016.290093411996,771.1473315543695,391.90870022803017
2016-07-19,150.9699063628159,52.0,779.8433855833379,4627.093294460641,1070.433302471334,603.0603569618828,787.2472959685349,778.1154769846564,397.9728410220429
2016-07-20,120.28807536101083,26.0,792.9990508217172,5743.735006247397,1062.1993091660138,600.3381566353246,778.739110127827,1050.7246164109406,392.1507630240309
2016-07-21,128.1786439530686,174.0,811.9149807452405,7035.052144939608,1052.3322056833558,613.5507009740443,761.8492133726647,1353.8114409606405,381.07004619072677
2016-07-22,133.3382784296029,114.0,790.7856213049845,7752.654206580592,998.554946228901,630.0455210855245,816.6645034414946,1770.128318879253,380.832105478571
2016-07-23,116.87570509927798,171.0,763.4314693279817,7663.828904623074,861.5125703297485,612.6432633297675,772.7692969518191,2017.1819546364243,373.9599777816757
2016-07-24,155.37906137184115,1094.0,811.5206107284265,8082.05889212828,958.8716971725661,636.1022464951297,962.5521878072763,2421.355203468979,403.18148862772614
2016-07-25,192.369556633574,351.0,829.6259695178175,8399.197209496044,1094.7931771241365,656.85245763189,765.3074975417895,2779.051134089393,394.0077179442203
2016-07-26,139.6424018501805,154.0,774.3488094592395,8475.42251145356,1102.9563421408732,604.5310230279827,764.5487954768928,2851.4003002001336,373.59474945915923
2016-07-27,119.61385943140795,125.0,819.8670608016489,8123.955664306539,1072.3507228829856,622.1984404031305,748.0532448377581,2967.6019012675115,371.2370052037654
2016-07-28,121.16166516245487,222.0,810.3632912078972,7987.473115368596,1103.1690050566199,622.0021676707393,690.2085299901671,3008.3721480987324,369.27796293048004
2016-07-29,123.29944156137184,175.0,750.4152790584152,7669.135776759684,1002.7963464140731,612.3048533303305,758.9259832841691,2936.8833555703804,375.5250540840788
2016-07-30,106.2379004963899,163.0,672.0732765634323,7401.612619741774,860.663449896731,602.9537751252744,812.1938790560472,2733.2501334222816,396.8039525229492
2016-07-31,173.5390625,192.0,794.0477301079351,7902.56143273636,971.4496830710063,631.7938460672259,954.7868239921337,2766.41577718479,401.33868327194057
2016-08-01,128.09394742779784,26.0,779.9346422953843,8144.959142024157,1078.4372551812548,652.2456224311694,817.6489675516224,2977.02891927952,400.6105946325206
2016-08-02,152.18363605595667,192.0,837.8555079459782,7779.152040816327,1086.6454312370913,646.7552502674399,806.291273352999,2993.8527685123418,392.6378120797521
2016-08-03,159.6002087093863,70.0,789.7075446113793,6930.722698875468,1149.9869311302614,630.6718371713305,827.7425762045231,2746.1043362241494,378.0213412851547
2016-08-04,141.53356272563178,26.0,799.0371535499268,6440.964181591004,1076.0533793889324,666.5031811271888,832.9852015732547,2465.166511007338,380.32298427176516
2016-08-05,154.2607457129964,37.0,783.8820035797581,6594.347063723449,1058.2388362652232,628.6304262147402,827.7992871189774,2250.645430286858,389.3621586856107
2016-08-06,145.14096344765343,9.0,704.6614416662147,7230.81172428155,1055.7413645751726,591.6139293958673,802.6968289085546,2036.4977985323549,386.2086476056832
2016-08-07,139.28223713898916,37.0,740.6841405868634,7414.101811745106,1087.6844954063101,647.0883396205169,900.7382005899705,2068.988158772515,400.14938899608256
2016-08-08,158.01878384476535,85.0,809.0910126376308,8127.0037692628075,1272.013852289723,619.087748437588,961.5938298918387,2314.5224149432956,410.6435128340057
2016-08-09,142.7990749097473,143.0,820.9435916906222,7834.577717617659,1309.3448116231039,632.0050391306796,858.0251720747297,2397.4432955303537,399.80105829386656
2016-08-10,173.04241877256317,270.0,830.9246623637251,8261.399916701375,1306.3938822021223,622.7384156297505,826.2771878072763,2556.9520680453634,404.8575688475706
2016-08-11,149.53505753610108,15.0,838.148343005912,7878.588483965014,1262.8325973933481,623.944822926637,876.829105211406,2618.6896931287524,397.9517336139858
2016-08-12,133.94937387184115,24.0,857.7072734175842,7977.811057892544,1116.3663200626736,660.2059005686617,931.3489429695181,2722.915376917945,390.63465473893467
2016-08-13,128.70021999097472,310.0,789.255573032489,7962.126009995835,1018.3234100135318,616.5773886605484,840.3207227138643,2484.834723148766,389.5924399228206
2016-08-14,130.74929490072202,128.0,856.331507295113,8172.180966264056,1088.8825938323482,659.9510725747424,942.6105457227138,2660.032821881254,408.56911068233643
2016-08-15,133.9072653429603,26.0,835.5264956337799,8395.640982923782,1324.1780143864396,673.057879623895,927.3712635201573,2920.2094396264174,437.63678886745015
2016-08-16,157.19542531588448,123.0,824.2134837554917,7424.73377759267,1356.8273271134535,633.7466077360509,931.6228367748279,2659.5708138759173,392.4464713792902
2016-08-17,208.15574232851986,63.0,826.3585181971036,4805.659100374844,1335.9252902214942,632.1512583750915,903.6673549655851,818.2938959306205,392.91440098228384
2016-08-18,181.7015173736462,109.0,834.2644681889678,4699.358808829655,1303.284096574318,669.0593153538653,955.7138888888888,807.6808205470313,383.98146524001635
2016-08-19,147.97281137184115,33.0,801.4518359819928,4602.471345272803,1195.7748379745033,694.9491582681155,941.4273352999016,826.7423949299533,404.83447348418406
2016-08-20,127.80883348375451,98.0,777.044421543635,4686.269658475635,1053.5892742682145,675.2210742638365,962.4758357915438,824.4392595063375,420.09761445360465
2016-08-21,114.63326376353791,192.0,889.4194283234799,5217.746314035819,1262.6379175272416,716.6330443105682,980.7215093411996,915.6377918612408,467.13018183944337
2016-08-22,128.0250451263538,192.0,850.7237348809459,5136.751895043732,1380.787693184246,653.805838635212,868.522517207473,831.5510006671115,408.7161024381687
2016-08-23,138.55855144404333,13.0,798.9643380159462,4786.773281965848,1444.430097571398,633.5596250211137,1080.8665191740413,813.1524349566378,388.18569841548265
2016-08-24,181.43290275270758,126.0,793.6920323263004,4554.744960433153,1523.786802934264,620.7403299363774,915.4074729596854,757.7160106737825,382.27009881307373
2016-08-25,146.2122912906137,159.0,784.3670879210283,4395.391066222407,1582.533651449327,611.4643882664265,858.2770894788594,763.6084723148766,410.68777407472373
2016-08-26,168.60604693140795,3492.0,733.5412485762325,4271.690816326531,1231.1767680364646,608.9571533134396,948.7614798426746,749.7224816544363,390.5360170730281
2016-08-27,171.42650045126354,4775.0,657.3890003796713,4699.126593086214,1016.9621109607577,599.2533641123811,902.0574483775811,701.384389593062,402.49795357539614
2016-08-28,182.85325473826714,389.0,781.8679286217931,5055.291003748438,1308.2665408446692,652.4597151061314,1145.677163225172,727.0670780520347,429.417821434836
2016-08-29,151.57262522563178,192.0,852.3099745077833,5734.20935027072,1634.3835909123281,670.2690163842126,869.2043018682399,787.3812208138759,387.58437116295386
2016-08-30,156.93668208483754,52.0,807.993708303954,6147.831445231153,1625.362153692757,648.7987162884973,837.5316371681416,800.6621414276184,379.0932877272993
2016-08-31,225.17576714801444,31.0,774.8096761946086,6173.611765930862,1587.0794102984119,639.1805078542875,776.21465093412,745.2906270847232,398.0744898555809
2016-09-01,237.20481723826714,192.0,783.8699083364972,6092.740712203248,1520.6383448472332,631.9346602105737,897.7060717797443,730.3413942628418,352.0275682628779
2016-09-02,344.0973319043321,26.0,761.8040353636709,6152.967638483965,1261.1939676661207,610.9856145487304,803.6170845624385,828.3337891927952,369.7165409577267
2016-09-03,292.2214011732852,54.0,708.2504203503823,6428.183215326947,1029.7567124848658,621.8915038567649,883.2663716814159,847.4240493662442,419.05142372683156
2016-09-04,361.3820227888087,37.0,875.7433421923306,6528.321157850895,1318.416743821665,716.1457125161871,941.6954523107178,859.5439292861907,451.399374378764
2016-09-05,178.84135266245488,192.0,877.9415034983999,5872.895397750937,1553.8513638629727,717.0342604583075,848.3605211406096,830.2588725817211,443.6956089574928
2016-09-06,219.79825699458485,13.0,831.7456473395889,5479.824552269887,1597.7327825653445,676.0295872980125,822.5832350049164,834.9702801867912,390.46456761971587
2016-09-07,210.73240072202165,192.0,812.3310733850409,4900.3905872553105,1647.0454383590911,688.1138167895951,774.8542281219272,814.1258839226151,371.96828041864
2016-09-08,190.90912680505414,192.0,776.2448066388241,4516.603644314869,1495.8080621038387,681.1586059343506,736.026179941003,824.2659439626418,346.3994328480384
2016-09-09,179.13800203068593,192.0,801.0214785485708,4355.313910870471,1273.8767181824655,641.049208940938,716.4637905604719,855.0614743162108,348.59550955972634
2016-09-10,184.65672946750902,35.0,737.9812876281391,4766.990774677218,1037.808845523823,639.9419514666967,853.8478613569322,818.4078385590393,397.3199731041338
2016-09-11,253.47726759927798,28.0,846.5184411780658,5006.486588921282,1278.279253614415,723.0503631552277,929.6633726647001,896.740260173449,451.8846401216161
2016-09-12,177.23214688628158,772.0,869.2241416716386,4805.115431070388,1528.9795598604087,693.3078092449749,845.4612831858407,887.9890260173449,379.8388586797638
2016-09-13,180.97912906137185,13713.0,828.925882735803,4969.359391920033,1722.599601168008,661.6769044535781,860.7830137659784,858.410173448966,363.2358358182775
2016-09-14,197.6804490072202,4609.0,812.181401529533,4941.164743856726,1502.3573819528524,660.2793761612522,784.2997295968535,874.3165110073382,416.92957375898965
2016-09-15,217.31495374548737,272.0,803.4885013830883,5073.132174094128,1321.6146285877073,641.3018692641181,729.078883972468,881.1749499666445,411.64172952113665
2016-09-16,231.3654388537906,117.0,807.2295113087813,4317.433590170762,1122.062602378748,618.2257192725635,719.850221238938,842.8223815877252,446.0127755364556
2016-09-17,157.6431633574007,11.0,803.6797201280035,4570.864244064973,1021.2047574959048,669.5130060244355,750.5921091445427,818.5249166110741,478.3403496462609
2016-09-18,183.07727888086643,263.0,887.044258827358,4836.958204914619,1237.2883697742327,696.9989865435505,944.6906096361848,963.8245496997998,463.44579898263464
2016-09-19,177.20323781588448,325.0,871.6259695178175,5085.788588088297,1446.7356313652874,669.7572208772028,1070.408407079646,947.637891927952,388.1698532421213
2016-09-20,194.84769855595667,408.0,839.9473341649943,4580.965660141607,1512.7683213446335,672.132988007432,773.5674778761062,912.3958639092729,365.47225632929894
2016-09-21,179.6590421931408,85.0,827.9890437706786,4705.262765514369,1518.445409871092,683.8455323461517,801.0950835791543,928.7366911274182,372.57840729696545
2016-09-22,199.82702504512636,387.0,806.843927970928,4580.4135360266555,1508.5476105690477,644.222763357919,945.4839724680432,872.120613742495,374.43068467520317
2016-09-23,207.11738492779784,338.0,783.9107230026577,4522.7933152852975,1266.2072858058543,634.3057823320759,823.0001474926254,866.7928619079386,386.7281763433316
2016-09-24,191.75964575812273,258.0,695.9591853338395,4517.405414410662,1000.4381454312371,631.8681662068577,865.6725663716815,800.3693128752502,398.75092089107176
2016-09-25,170.35500338447653,606.0,782.1642078429245,4838.085610162432,1208.521401609572,744.9630369911604,943.0590462143559,905.588859239493,418.9393381278138
2016-09-26,196.4177854241877,1494.0,890.616559093128,4880.882882132445,1472.0470764190584,779.3790608636901,844.2173549655851,885.5345230153436,387.41030813307606
2016-09-27,194.86064417870037,781.0,854.042713022726,4886.742399000416,1514.3299266434014,742.2269860931253,722.4918879056047,984.5092061374249,433.8005613050342
2016-09-28,186.84544223826714,566.0,830.9365406519499,4765.511411911703,1492.4652446406951,761.0487303642813,772.9151425762045,850.7312875250167,421.6877448400865
2016-09-29,200.79484431407943,1246.0,844.7030156750013,4618.275281132861,1429.1664767466705,733.7165700129498,763.4987217305801,861.81841227485,351.84751213237445
2016-09-30,200.67872856498195,1190.0,805.7940825513912,4405.774281549355,1152.5701516985969,676.2800799504532,774.7397984267453,816.0633755837225,353.17610945448166
2016-10-01,155.36462093862815,2247.0,868.9585615881109,4704.363473552687,1027.1690406666191,746.0911547773211,818.6682890855457,789.8564042695131,405.88896684792144
2016-10-02,142.66496502707582,11346.0,1007.0941042468949,4965.004872969596,1197.6058329178834,797.3631552277462,897.3138397246804,867.6098732488325,414.1766649125884
2016-10-03,151.93388989169677,765.0,1163.0187123718608,5222.730778842149,1469.756641264867,774.1340296154495,849.84267453294,883.7925950633755,358.4073554347191
2016-10-04,132.09555505415162,962.0,1054.8812984758908,5042.817097042899,1509.6596040168079,681.7417093632115,800.9249016715831,931.1555036691127,361.91174063029877
2016-10-05,152.12686146209387,192.0,951.6223897597223,5447.979571012078,1504.1381311872374,703.6039355892124,750.7917158308751,1292.85527018012,342.24595100274803
2016-10-06,246.01162003610108,779.0,827.2539458697185,5436.979466888796,1403.8868670322627,713.0561342266765,717.9870452310718,1483.2824216144097,332.36528679179094
2016-10-07,236.15407829422384,498.0,807.2587459998915,4354.824260724698,1252.607043657859,696.240076572265,724.651179941003,885.2349899933289,351.6094252470327
2016-10-08,133.98798510830323,891.0,770.056896458209,4747.473594335694,994.6434726871305,769.6462473959799,855.7895526057031,947.8359239492995,447.5384727825528
2016-10-09,158.51743005415162,2097.0,883.2850246786354,5232.791795085381,1192.4161384516772,852.367068295704,880.4351032448377,971.8598732488325,467.3972110156113
2016-10-10,159.6103903429603,1438.0,903.4043499484732,5203.702790503957,1388.8858343422833,804.109059174596,905.5689036381515,940.1628752501667,443.72379114775185
2016-10-11,152.09716268050542,28.0,874.9719585615882,4560.396272386505,1466.3390784132184,757.5989246101008,852.5022369714848,885.1413275517011,361.7490498742911
2016-10-12,154.15867554151623,762.0,837.9786028095677,4532.026197417743,1580.9584787408305,900.0072349529869,728.9186578171092,909.7618745830554,359.4346605858621
2016-10-13,173.94562274368232,1258.0,885.8568367955742,4644.144418992087,1437.3273271134535,873.5275603851135,724.0506637168141,930.6036691127418,380.4142255744606
2016-10-14,147.97859318592057,982.0,943.4758095134783,4475.5384631403585,1224.9501460009972,704.8812566859974,732.9827433628319,1001.2215476984657,389.95515406653806
2016-10-15,150.07084837545128,379.0,774.4596463632912,4752.3505414410665,1052.9606865607864,701.5927875682676,744.3330383480826,1135.2858572381588,410.9141671051862
2016-10-16,147.05299526173286,197.0,921.2878179747247,5017.428571428572,1373.8314934833702,947.0648049096335,885.7948131760079,1182.3033689126084,430.9633982342279
2016-10-17,177.3443704873646,197.0,932.5272278570267,5194.698250728863,1441.8272915034543,714.1787061539328,821.0440757128811,989.3212474983322,386.84485178038943
2016-10-18,205.3541008574007,361.0,885.5581710690459,4889.079237817576,1495.1879139662417,667.24604470469,755.7403883972468,940.565877251501,380.0330936093083
2016-10-19,206.0742892599278,1752.0,886.4956337798991,4841.050541441066,1533.2623388647532,651.8266707955634,745.818534906588,917.1873248832555,368.90706308834706
2016-10-20,136.45882220216606,11900.0,877.4901285458589,4930.564369012911,1476.1669396766613,630.9930747142616,768.8225417895771,904.7856571047365,368.0762439338128
2016-10-21,131.13845329422384,1175.0,877.1013451212236,4530.536942940442,1327.9528167509436,595.5206914025111,827.3644296951819,883.7351901267511,414.24767584634276
2016-10-22,132.10903655234657,798.0,789.8254325541031,4614.528154935443,1077.780856064383,634.2999268059231,797.6176991150443,926.426584389593,415.7927848915395
2016-10-23,127.54814417870035,73.0,897.466832998861,4934.028862973761,1257.1617762267645,730.002702550532,894.8079646017699,986.65877251501,438.1140735543472
2016-10-24,138.30843862815885,91.0,894.1758420567337,5128.727530195752,1539.3074211238516,696.6363943471652,821.0228859390364,947.7836224149434,403.05911243641464
2016-10-25,149.33187612815885,735.0,880.7049953897055,4835.614910453977,1576.0820810483583,629.880947018749,808.4806538839724,892.9267845230154,390.29313570718585
2016-10-26,139.2294957129964,144.0,850.5817920485979,4663.266597251145,1497.614949077701,611.6137886380271,686.5044493608652,900.9324216144096,374.4781909606502
2016-10-27,130.3689643501805,192.0,874.5631610348755,4620.276197417743,1405.3175343636492,605.2511119869376,819.8898475909538,874.8783522348232,362.40925568613693
2016-10-28,154.47989056859205,200.0,842.7614579378424,4259.2497917534365,1191.1929705861405,619.607004110129,824.1505162241888,877.1916277518345,359.01514354206864
2016-10-29,126.65469878158845,144.0,766.65121766014,4475.396459808413,962.4039242219216,621.5342041551714,807.775860373648,877.9328552368246,386.7416827457171
2016-10-30,127.66349842057761,229.0,895.6400444757824,4919.583715118701,1151.8320276333595,632.9281008952198,847.7430924287119,926.8356571047365,418.9381102730515
2016-10-31,151.52913470216606,192.0,900.9509410424689,5073.148334027489,1306.7140873157182,624.3602837678059,738.0403392330384,1006.0953635757171,378.4172075074548
2016-11-01,142.07719426895306,24.0,962.8066659434833,4798.000645564348,1305.1813617263729,685.3446596475424,702.4135939036381,971.7485323549033,349.4580190609835
2016-11-02,135.11634138086643,13.0,922.569317134024,4958.405393586006,1358.6457873370844,648.2844997466359,683.8333824975418,966.3456637758505,343.366631585102
2016-11-03,133.4463560469314,24.0,855.8885122308402,5141.658767180342,1385.5101488497971,621.8559765778954,742.7144542772861,988.3054703135424,353.29670233292404
2016-11-04,145.7291008574007,11.0,842.1212778651625,4783.680341524365,1228.2119151057616,616.8121164348854,773.558628318584,993.8826217478319,354.5696953750804
2016-11-05,160.24125676895306,1722.0,824.8354667245213,5028.240274885465,1060.2975927640482,702.1694161364788,757.376622418879,1004.2127751834556,383.52920540256093
2016-11-06,157.2675428700361,3663.0,1010.3726202744481,5405.233631820075,1277.8497970230042,783.3474466527786,827.2119223205507,1060.6156437625084,419.5695492018944
2016-11-07,195.31348713898916,3336.0,985.040950263058,5459.937317784256,1466.4414571611708,679.3195202972805,694.7801622418879,1043.6131754503,385.53411682161027
2016-11-08,192.22684453971118,192.0,953.260156207626,5515.039920866306,1628.6603162167937,693.7542931141264,711.9498279252704,1070.388158772515,390.9260363678887
2016-11-09,176.4267260830325,24.0,1265.8281716114336,7602.484027488546,2134.566661918667,949.9284950171725,802.5027040314651,1553.713242161441,523.4500964743028
2016-11-10,145.3202842960289,226.0,987.7463524434561,6243.618450645565,1647.13400042732,729.9863746410675,714.2112831858407,1151.3896264176117,380.1975384435479
2016-11-11,154.4158393501805,316.0,1003.8892444540869,5615.616034985423,1386.404600811908,798.1704858960644,854.2905113077679,1038.7226484322882,410.46409986552067
2016-11-12,130.46426556859205,98.0,895.0455605575744,5455.953665139526,1125.2789331244214,822.4059174596025,774.9226647000984,1039.0451967978652,406.9574343682395
2016-11-13,134.10590591155236,13.0,1014.4651515973314,5994.157746772178,1313.7513353749732,765.0583300489837,830.0899213372664,1117.2909606404269,425.19350406361457
2016-11-14,167.9130189530686,30.0,1025.730460487064,6060.320491461891,1533.6780856064383,744.5745453521761,808.0472222222222,1088.422181454303,383.04323802841606
2016-11-15,134.09397563176896,184.0,935.1031621196507,5411.209496043315,1569.8070650238587,700.0077135296436,732.575319567355,1096.0319212808538,373.4388119043443
2016-11-16,147.4447202166065,524.0,958.8626132234094,5249.15104123282,1467.9513923509721,684.6460221834357,737.3183874139627,1014.4162441627752,379.98070513944924
2016-11-17,163.6801387635379,205.0,920.6499972880621,5008.257392753019,1370.24549533509,646.8997241146332,750.4236234021632,995.8345897264843,405.9208033678302
2016-11-18,137.49847698555956,39.0,873.1446547702989,4798.7579341940855,1206.2021223559575,614.513315691684,779.9566617502459,981.9854903268846,366.5474478161726
2016-11-19,122.20978113718411,192.0,882.7212941367901,4851.398979591837,1000.3247275835055,666.4003152975621,786.3141592920354,1028.3808205470314,404.448810150266
2016-11-20,120.2452899368231,192.0,967.8800781038129,5000.508954602249,1128.9429883911403,771.8467991667136,832.4226155358899,1083.892461641094,437.443489446296
2016-11-21,132.87818704873646,26.0,925.4757010359602,5401.762890462307,1317.5240367495192,709.8713473340465,745.0115290068829,1007.7614743162108,388.3097994503888
2016-11-22,138.82550203068593,192.0,907.788468839833,5394.0936484798,1464.6950715760986,644.9890490400315,704.7644296951819,1017.8086390927285,394.1582763257908
2016-11-23,138.6743851534296,15.0,855.0960026034604,4915.597147022074,1459.860907342782,648.277292945217,777.0523598820059,983.0202468312208,367.06089574928376
2016-11-24,138.30299526173286,61.0,892.4432933774475,4624.380674718867,1331.7135531657289,669.5956027250718,693.7203539823009,968.4439292861908,358.35680874700347
2016-11-25,124.56173849277978,52.0,824.6871237186093,4522.132611411912,1129.1079695178405,618.7352626541299,766.5874877089478,936.218779186124,357.02137051979184
2016-11-26,131.1152414259928,13.0,846.5705917448608,5113.526759683466,1190.894558792109,706.966077360509,796.7070550639135,1067.6588058705804,449.46883587674677
2016-11-27,130.39773240072202,24.0,1001.4528936377935,5342.106143273636,1372.4471903710562,797.0371600698159,863.1887413962635,1132.5762174783188,446.91419633982343
2016-11-28,150.74638989169677,192.0,1001.0483538536638,4895.737088713036,1391.3859411722813,698.1707111086088,717.8899950835792,1096.7202134756503,366.63024030871776
2016-11-29,243.022252933213,192.0,938.0193632369692,5039.18048729696,1638.4889252902215,694.3734868532177,814.1064159292035,1139.6176784523016,373.57878734724903
2016-11-30,146.29030347472923,192.0,853.3523078591962,4709.966326530613,1418.835196923296,646.2082371488092,679.0202802359883,1077.5605070046697,363.8452025960358
2016-12-01,141.07155347472923,28.0,843.1405868633726,4658.6192836318205,1267.6654796666903,617.5145262091098,810.1972713864307,1092.1974649766512,353.65456352686664
2016-12-02,138.1579986462094,22.0,835.1366816727233,4588.075739275302,1133.0953279680934,607.9462305050391,759.1373647984268,1030.175783855904,357.44650061392736
2016-12-03,154.90128610108303,35.0,793.1129793350328,5166.4269262807165,916.618047147639,682.8779066494004,790.5458702064897,1056.5318879252836,404.0045313687657
2016-12-04,166.3916403429603,11.0,929.1002332266638,5218.6008121616,1068.1144861477103,818.7983503181127,871.0013765978367,1104.0415610406938,419.9494825469216
2016-12-05,166.16028316787003,81.0,906.0105765580083,5329.009142024157,1201.056299408874,740.5766848713473,763.5918141592921,1017.1372248165444,375.3088639419985
2016-12-06,156.3755640794224,141.0,868.6330747952487,5286.961557684298,1276.549355459013,732.5457181465008,717.7725417895772,993.6609739826552,364.51716073203534
2016-12-07,154.3483190433213,113.0,862.3995769376796,4983.505810079134,1170.4118296417635,687.0440009008502,880.3127581120943,954.1975983989327,354.21709641583345
2016-12-08,150.51418659747293,169.0,939.5797852145143,4882.645002082466,1132.1812905063741,673.9121952592759,776.6987708947886,977.4771514342896,341.2098754604455
2016-12-09,279.35401624548734,123.0,903.2997776210881,4545.169512703041,1022.3387579232249,670.2643995270537,839.9040068829892,950.2503335557038,360.3369291937087
2016-12-10,217.6378328068592,277.0,767.4545750393231,4735.979925031237,867.7125204757496,684.3179156579022,812.17436086529,984.0629419613075,386.5062269777232
2016-12-11,168.3925428700361,264.0,918.2211314205131,4922.312078300708,964.1498112670038,750.594420359214,868.7351769911504,1007.7530020013343,437.31073495877916
2016-12-12,168.92472360108303,106.0,919.3682269349678,5064.444356518117,1094.6489922370201,752.5437475367378,793.9064159292035,998.0019012675117,377.5158451733614
2016-12-13,146.68623082129963,46.0,866.6796116504854,4821.117700957934,1092.3485862830282,685.1280896345927,759.6868977384464,981.6444629753169,365.28360521545926
2016-12-14,155.168800767148,24.0,919.3949666431632,5063.441087047064,1150.543301759134,657.4486515398908,826.2324729596853,981.5957638425617,356.8440332105479
2016-12-15,150.44283055054152,7.0,856.9590226175625,4608.754623073719,1015.3255110034897,641.6340577670176,698.0088495575221,1017.5249833222148,345.15769163304685
2016-12-16,144.7958314530686,30.0,801.5176818354396,4345.563202832153,923.6784773164304,671.4664433308935,687.5466076696165,951.6221147431621,330.9201309711747
2016-12-17,180.79811597472923,192.0,753.0160817920486,4342.664535610163,869.1578591268428,702.1857440459434,780.8450589970502,959.480620413609,366.6961644155996
2016-12-18,175.55403880866427,192.0,877.2011986765743,5017.024635568513,1017.3364076632719,803.0072349529869,944.1008357915438,1027.878685790527,406.16356779512364
2016-12-19,154.43259250902528,234.0,1072.3420024949828,5471.42390670554,1138.2037248059255,845.8259951579303,795.7848328416912,990.1748832555037,365.88715430041515
2016-12-20,177.784324232852,192.0,876.6881813744102,5350.26322365681,1105.3579161028417,740.0650301221779,798.8918879056047,1015.239392928619,368.8723908086301
2016-12-21,214.64629399819495,39.0,872.4297065683137,4967.593252811329,1079.9503952709922,678.9356455154552,724.5138397246805,983.4502001334223,379.42153423376016
2016-12-22,138.77434002707582,13.0,836.0569235775886,5035.755747605164,986.1193291076135,653.6490062496481,687.3137413962635,926.3159773182122,348.9363561948196
2016-12-23,172.3244020758123,13.0,846.4150892227586,4719.243336109954,937.5516344989674,641.0626090873261,980.5674287118977,914.8049366244163,346.50210489387825
2016-12-24,147.7669505866426,115.0,817.9595921245322,5009.4339233652645,882.7056121358878,619.7697764765497,868.5073500491642,904.2161774516344,366.87870549026485
2016-12-25,172.0235785198556,236.0,1290.9088246460922,5176.930154102457,906.0770956484581,668.3069928495017,829.8333824975418,1148.4266177451634,387.7058995497866
2016-12-26,173.45335063176896,192.0,1213.845419536801,5810.180549770928,1198.2167224556656,939.1281177861607,790.1205506391348,1140.2714809873248,382.5178331286909
2016-12-27,154.42760040613717,79.0,1091.727151922764,6081.584735526863,1135.9458728010825,860.4512977872868,800.0754178957719,1028.4164442961974,382.1187510962989
2016-12-28,194.1123364169675,111.0,1038.9569073059608,5900.938067471887,1180.9940887401183,775.9830527560385,801.371878072763,959.0416611074049,384.1630123370169
2016-12-29,154.61634138086643,26.0,1000.6973206053045,6287.405997501041,1114.683106616338,754.496734418107,876.74697640118,924.2570046697798,356.49754429047533
2016-12-30,171.98344426895306,11.0,955.0196886695232,5239.806184922949,823.6617050067659,702.2005799223017,963.61767453294,830.045797198132,360.43068467520317
2016-12-31,151.35604693140795,93.0,898.4156316103488,5165.529029571012,789.2996937540062,647.7690726873487,1209.7077187807276,907.1836224149433,371.3860726188388
